country,1990,1991,1992,1993,1994,1995,1996,1997,1998,1999,2000,2001,2002,2003,2004,2005,2006,2007,2008,2009,2010,2011,2012,2013,2014,2015,2016,2017,2018,2019,2020,2021
Afghanistan,12.8,13.1,12.8,12.7,12.9,12.8,12.7,12.7,12.7,12.7,13,13.4,14.3,14.4,15,14.3,14.1,13.5,13.8,13.5,13.9,14.7,15.4,16.2,17.1,17.9,18,18.2,18.3,18.4,18.5,18.6
Angola,25.4,25.7,25.7,25.1,24.2,24.3,24.6,24.7,24.8,24.7,24.6,24,24.4,24,27.1,30.5,33.9,37.3,41,44.3,48,47.9,47.8,47.7,47.6,46.6,45.9,45.2,44.6,44.1,43.7,43.3
Albania,42.5,42.3,38,37.5,36.4,37,40.3,37.2,35.2,35.2,33.8,33.7,31.2,29.1,27.1,25.2,24.3,22.9,20.6,19.3,19.9,20.6,14.9,13.8,13.3,15.7,16.4,16,16.2,16.3,16.3,16.2
United Arab Emirates,20.9,21.3,21.5,21.5,21.2,21.4,21.6,21.8,22.1,22.3,22.2,22.3,22.6,22.9,23,23.5,24.1,22.5,22.5,23.4,24,24.1,24.1,24,24,24.2,24.2,24.4,24.6,24.7,24.6,24.4
Argentina,33.7,32.4,26.6,25.1,17.5,20.1,21.6,25.1,24.2,23.3,22.6,21.1,22.5,25.8,25.6,27,26.8,27.2,25.9,23.6,24.9,24.2,23.9,23.2,22.9,22.1,21.7,21.7,21.6,21,20.4,20
Armenia,25.2,24.9,21.5,20.5,19.4,16.7,15.5,17.5,16.7,16.4,16.2,16,15.7,15.5,15.4,15.2,15.1,14.6,15.1,14.9,17.6,18,19.3,18.4,22.6,21,20.5,19.8,19.2,18.7,18.2,17.9
Australia,55.7,54.5,54.2,57,59.2,59.3,57.7,58.5,59.5,60.8,60.5,60.2,61.2,61.6,62.4,62.9,63.2,63.5,60.7,59.7,60.1,59.4,58.6,57.9,58.7,58.7,58.5,58.4,58,57.9,57.7,57.4
Austria,58.4,59.1,55.4,56,54.9,52.3,51.2,51,50.6,48.7,47.2,47.7,46.2,45.1,48.4,48.8,50.7,51.3,50.5,48.8,49.7,50.2,49.8,50,48.9,49,49.9,50.1,50,49.9,49.9,50
Azerbaijan,31.5,34.7,37,38.3,38.8,34.5,34.2,33.6,33.2,32.3,32.5,32.7,33,33.4,33.5,33.9,35.2,33.7,30.2,29.1,27.2,27,28.3,29.1,30.6,33.3,33,32,31,30,28.9,27.8
Burundi,81.7,80.4,79.1,77.7,76.2,74.8,73.3,71.8,70.9,70,69.1,68.2,67.3,66.4,65.5,64.5,63.6,62.7,61.7,60.8,59.8,58.8,57.7,56.5,56.7,56.9,56.6,56.3,56,55.7,55.4,55
Belgium,29.1,30,25.9,25,24.1,22.8,22.1,22.9,23.4,26.6,24.5,25.1,23.3,25.5,25.2,25,25.3,25.2,23.2,23,23.9,22.2,21.6,21.7,21.7,21.5,21.4,21.6,21.4,21.1,20.7,20.4
Benin,54.7,54.6,54.9,55.3,55.6,55.9,56.3,56.6,56.9,57.2,57.5,57.8,56,54.1,52.3,50.5,48.7,47,45.3,43.8,44.4,44.2,44,43.8,43.5,43.3,43.1,42.8,42.5,42.2,41.9,41.6
Burkina Faso,71.1,70.2,69.3,68.3,67.3,66.3,65.4,64.4,63.2,62.1,61,59.8,58.6,56.9,55.2,56.1,53.2,51.1,49.1,47,45.1,43.2,41.3,39.5,39.3,39.1,38.9,38.7,38.5,38.3,38.1,37.9
Bangladesh,20,19.8,19.8,19.8,20,20.1,20.1,20.1,20.1,20,20.2,20.4,20.6,19.6,18.7,18.6,19.5,19.6,19.4,20.5,20.5,20.6,20.5,20.5,20.4,20.2,20.2,20.2,20.2,20.2,20.3,20.3
Bulgaria,27.6,28.4,26.8,26.5,27.9,27.5,25.4,24.3,20.5,18.3,21.6,20.6,20.4,20.7,20.6,22.6,23.5,25,23.4,21.4,18.8,18.6,18.1,17.2,16.6,16.6,17,16.9,16.5,16.2,15.9,15.6
Bahrain,20.3,20.5,20.9,21.4,21.8,21.6,21.3,21.3,21.6,22,22.3,22.2,22.4,22.6,22.7,22.7,22.7,22.7,22.6,22.6,20.4,21.6,22.5,23.5,24.5,24.9,25,24.7,23.9,23.1,22.8,22.9
Bahamas,39.4,35.9,38.3,36.9,39.2,35.6,35.3,38.1,37.9,37.9,39.6,37.4,33.7,34.2,34.6,37.2,35.7,36.1,31,30.6,30.3,29.3,26.2,28.3,29.6,27.6,28,28.2,28.9,29,28.6,27.9
Bosnia and Herzegovina,14.5,14,13.3,11.9,10.9,11.2,11,10.8,10.5,10.6,10.3,9.74,9.46,8.93,9.52,8.84,9.41,12.1,12.5,10.3,10.1,9.53,10.2,8.54,8.32,9.54,9.66,9.79,9.88,9.89,9.8,9.6
Belarus,39.4,40.5,41.4,42.5,43.3,42.7,41.7,40.7,40.1,40,40,40.2,40.4,40.7,41.1,41.6,42.3,43.2,43.9,44.3,45.3,45.6,45.8,45.7,45.6,45.1,44.5,43.6,42.6,41.6,40.8,40
Belize,34.2,30.5,26.3,24.7,23.9,23.1,22.3,21.9,22.8,24.6,26.5,27.1,27.1,27.2,26.7,29.4,31.9,33.2,32.9,32.7,30,27.6,28.8,24.9,25.9,27.3,26.4,27.1,27.7,28.3,28.9,29.5
Bolivia,41.6,41.8,41.9,43.9,42.9,41.7,44.7,42.7,40.8,39.5,39.4,39.6,41,42.4,43,44.3,38.3,42.3,42.7,42.4,42.1,35.4,37.5,40.1,32,32.3,32.1,32,31.9,31.8,31.6,31.5
Brazil,39.1,38.8,39.5,39.3,40.1,39.5,38.7,37.2,37.2,37.1,38.1,39.2,38.4,40.2,41.3,40.8,41.3,41.8,40.2,40.2,39.4,39,38.4,38.1,35.8,33,31.4,32.9,33.4,33.4,33.3,33.1
Barbados,32.9,31.9,31.3,29.1,35.1,43.2,38.8,41,41.1,41.8,40.2,39.5,37.8,38.7,38.9,38.5,39.1,37.2,34.7,34.7,34.4,29.2,28.7,26.7,26.4,31.1,30.7,30.5,30.3,30.1,30,30
Brunei,31.4,31.7,32,32.1,32.4,32.7,33.4,34.1,34.8,35.5,35.3,34,33.1,32.7,32.3,31.2,30.3,29.6,29,28.4,27.6,27,26.2,23.9,22.8,21.4,21,20.8,20.9,21.5,22.1,22.6
Bhutan,36.1,35.6,35.1,34.6,34.2,34.7,35.4,36.4,37.6,38.7,41.2,44,46.6,47.7,48.2,48.8,48.3,48,45.6,41.8,36.1,34.4,29,27.2,30.8,29.8,29.6,29.4,29.1,28.8,28.5,28
Botswana,28.7,28.3,26.5,23.6,22.5,22.4,22.5,23.7,24.6,25.6,19.1,19.9,18.6,20,21.3,23.9,23.1,22.2,21.3,19.9,21.4,22.9,24.5,24.3,24.2,24,24,24,24,24,24,23.9
Central African Republic,44.8,44.8,44.6,44.2,43.9,44.1,43.8,43.7,43.5,43.4,43.5,43.6,43.6,43.5,43.4,43.6,43.8,43.9,43.9,43.8,44.3,44.7,45.2,45.2,45.3,45.2,45.5,45.9,46.2,46.5,46.8,47.1
Canada,57.5,55.1,53.2,53.4,53.3,52.1,50.2,52,53.8,55.7,56.2,57.6,58.6,58.2,58.7,59.4,59.9,60.1,57.4,56.8,56.5,55.5,55.9,56.9,57.2,56.8,57.7,58.2,58.2,58,57.8,57.5
Channel Islands,43.7,43.3,43.4,43,42.8,42.8,42.5,42.2,41.4,41.2,40.8,40.1,40.1,40.5,41,40.3,40.1,39.3,38.6,38,39.2,39.2,39.6,39.9,39.7,39.1,38.5,37.9,37.5,37.2,37.1,37.1
Switzerland,68.5,67,68.2,63.2,60.8,63.1,62.5,59.8,66,63.6,63.5,65.5,62.7,61.6,59.1,62.3,60.4,61.6,62.4,61.3,62.6,61,61.2,61.6,62.6,63.2,63.4,63.3,63.3,63.2,63.1,62.9
Chile,21.3,23.7,25.3,24.6,23.8,21.9,21.9,21,18.9,18.2,17.5,17,17.4,18,18.5,18.1,21.2,20.4,20.4,24.5,25.5,25.3,24.9,24.4,24.3,24.2,24.3,24.5,24.7,24.8,25,25.2
China,70.8,71.1,70.6,69.8,68.6,67.5,66.2,64.6,63.2,61.9,59.9,57.9,56.1,54.3,53.1,52.1,51.6,50.2,49.6,48.6,47.6,46.5,45.3,44,42.8,41.6,40.9,40.3,39.6,39.1,38.5,38.1
Cote d'Ivoire,37.3,36.9,37,37.1,37.7,37.6,37.6,37.5,37.1,36.6,36.2,35.7,35.2,34.7,34.2,33.8,33.3,32.8,32.4,31.9,31.5,31,30.6,30.2,29.8,29.4,29.3,29.2,29,29,28.9,28.8
Cameroon,51.5,51.6,51.5,51.3,51,50.9,50.5,50.1,49.6,49.1,48.8,49,49.2,49.4,49.6,50.1,50.5,49.9,49.4,49.1,48.6,48.1,47.6,47,46.7,46.5,46.4,46.4,46.3,46.2,46.1,46
"Congo, Dem. Rep.",46.2,46.4,46.5,46.6,46.4,46.6,46.7,46.7,46.6,46.6,46.7,46.7,46.8,46.8,46.9,47.1,47.2,47.3,47.4,47.4,47.6,47.7,47.8,47.8,47.7,47.7,47.7,47.8,47.8,47.9,47.9,48
"Congo, Rep.",28,27.8,27.6,27.4,27,26.9,26.9,26.7,26.8,26.5,26.6,26.6,26.7,26.6,26.5,27.4,28.5,29.1,29.7,31,32.5,35.4,35.5,35.4,35.5,35,34.7,34.4,34.3,34.2,34.1,34
Colombia,19.1,19.8,21.1,20.8,22.4,21.2,21.5,20.4,17.7,17.3,22.2,22.5,23.9,24.7,26.6,26.6,29.4,29.7,29.8,31.7,32.7,34.3,35.2,34.3,33.6,35.1,34.5,34.3,34.3,34.3,34.4,34.5
Comoros,17,16.9,16.8,16.7,16.5,16.3,16,15.8,15.5,15.2,15,14.8,14.6,14.4,14.2,14,13.9,13.8,13.7,13.5,13.4,13.3,13.2,13.1,13,12.9,12.7,12.6,12.4,12.2,12.1,11.9
Cape Verde,38.1,37.9,37.6,37.3,36.8,36.3,35.8,35.1,34.3,33.4,32.3,31.1,29.8,28.7,27.5,26.6,25.8,25,24.3,23.6,23.1,22.6,22.2,21.8,21.4,20.9,20.8,20.6,20.5,20.3,20.1,19.9
Costa Rica,31.2,30.8,31.4,31.6,31.1,26.4,28.5,31.8,31.5,30.7,31.6,30.1,29.5,28,29.7,30.2,33,33.3,28.6,24.9,26,25.4,25,26.1,27.2,23.1,24.9,25.1,25.3,25.4,25.4,25.4
Cuba,26.7,25.6,24.2,24.2,23.8,23.8,23.4,23,22,22,22.6,22.6,22.9,23.6,24.9,26.4,29.4,30.4,33.6,33,32.4,31.7,30.8,29.8,29.3,28.2,28.6,29,29.5,29.9,30.2,30.5
Cyprus,41.4,39.4,40.3,38.1,38.9,38,35.2,35,35,35.6,38.8,37.1,37.9,36.3,34.3,34.7,35.1,36.3,35,34.8,29.8,27,24.4,27.8,29.1,29,31.9,31.8,31.8,31.9,31.4,30.8
Czech Republic,40.4,39.3,38.2,39.6,38.2,36.9,35.5,34.8,33.8,33.8,32.1,29.7,27.4,25.8,23.4,23.6,23.8,23.4,21.6,20.4,19.6,20.8,20.8,21.6,23.6,23.6,23.5,23,22,21,20.2,19.6
Germany,55.4,52.7,49.5,48.1,46.1,43.2,42.8,43.3,44.3,44.1,44.4,43.5,42.7,39.8,40.3,42,43.9,45,44.6,44.5,45.7,44.3,45,44.3,44.2,44.7,44.9,45.1,45.4,45.5,45.6,45.6
Djibouti,52.5,51.9,51,50.1,49.5,48.7,48.3,48,47.4,46.5,45.9,44.8,43.6,42.3,41.3,40.5,39.8,39.2,38.6,38,37.2,36.5,35.7,34.9,34.2,33.6,33.3,33.1,32.9,32.7,32.5,32.4
Denmark,62.5,62.3,59.8,59.5,60.8,62.2,63.4,66.2,62.7,63.8,58.9,63.7,57.8,59.4,60.7,64.2,64,65.2,62.7,59.5,58.4,55.2,54.9,54.8,56.1,60,59.8,60,59.6,59.3,59,58.6
Dominican Republic,32.6,33.7,33.6,32.8,33,33.1,33.6,33.5,33.5,33.4,32.9,33.2,32.4,32.4,33.5,34.4,34.2,32.5,29,33.1,32.1,33,29.3,32.5,32.5,33.5,33.4,33.1,32.9,32.7,32.6,32.5
Algeria,10.7,10.2,9.59,9.1,7.97,8.53,8.68,7.89,7.07,6.36,6.47,6.14,5.98,6.97,5.53,6.23,5.5,5.69,5.58,5.75,6.69,6.3,6.22,5.06,4.76,5.07,5.05,4.98,4.9,4.81,4.68,4.51
Ecuador,30.8,27.5,29.1,31.3,31.9,28.8,28.5,28.6,25.7,30.9,28.9,29.4,32.5,32.1,32,31.5,34.1,32.1,32.8,30.1,27.4,28.7,27.6,25.7,29,30.7,31.1,30.3,29.6,28.8,28.1,27.3
Egypt,11.4,11.9,10.1,10.3,9.57,11.1,11.2,10.2,13.4,10.6,8.76,13.1,10.6,11.2,10.2,9.16,10,9.4,9.55,9.49,7.95,7.04,8.41,9.65,11.8,11.4,10.9,10.4,9.96,9.64,9.38,9.17
Eritrea,64.9,65.6,65.9,66.4,66.8,66.4,65.5,64.8,64.1,63.3,62.4,61.1,60.3,59.7,58.9,59.2,59.4,59.8,60,60.3,60.5,60.7,60.9,60.9,60.9,60.5,60.3,60.2,60,59.9,59.9,59.9
Western Sahara,11.6,11.6,11.6,11.5,11.5,11.6,11.8,12,12.2,12.3,12.5,12.7,12.8,12.9,13.1,13.2,13.2,13.4,13.7,13.7,13.8,13.9,14,14,14.1,14.2,14.5,14.6,14.8,14.9,15.1,15.2
Spain,25.3,23.8,20.4,19.7,19.9,19.1,20.1,21.1,23.8,26.8,27.5,27.8,28.7,29.1,32.7,34.3,33.7,32.4,26.4,24,21.7,18,16.1,15.9,17.3,17.3,19.5,21.1,21.7,21.9,22,22.2
Estonia,38.2,36.6,34.8,35.4,33.1,32.4,31.1,31.1,24.7,25.9,22.7,19.4,20.5,24.6,26.7,26.1,30.4,33.7,27.2,24.4,29,30.2,30.3,33,33.1,36.1,35.5,34.6,33.8,33.1,32.6,32.3
Ethiopia,61.7,61.9,61.8,61.9,61.8,61.6,61.5,61.2,60.7,61.7,63,64.3,65.5,66.5,67.7,67.7,67.7,67.7,67.6,67.5,67.5,67.6,67.7,66.9,66,65.1,65,65,64.9,64.8,64.8,64.7
Finland,46.1,37.1,31.1,28.6,28.6,27,28.1,30.5,32.8,33.3,34.5,34.8,35,35.9,40.4,41.4,44.4,44.8,41.6,40.3,41.3,42.8,44.2,43.5,43.1,43.9,43.5,44.1,44.3,44.1,43.9,43.7
Fiji,27.3,27.2,26.4,26.1,26.2,26.1,25.6,24.9,24.3,23.9,23.4,22.9,22.9,26.6,26.7,24.4,22.2,21.1,20.8,20.2,19.7,19.4,20.7,21.1,20.8,20.5,20.3,20.2,20,19.8,19.6,19.4
France,29.4,27.7,25.9,23.8,23.3,22.9,22.1,22.9,23.4,25.2,25.4,25.5,27.2,26.6,27.1,26.7,28.5,28.8,28.5,27.1,26.7,26,25.6,25.8,26.1,26.2,27.2,27.8,28.1,28.3,28.5,28.8
Gabon,10.6,10.7,10.7,10.6,10.5,10.4,10.3,10.2,10,9.86,9.68,9.51,9.32,9.14,8.99,8.94,8.87,8.87,8.87,8.84,8.77,8.7,8.63,8.56,8.5,8.53,8.39,8.27,8.15,8.03,7.91,7.79
United Kingdom,57.9,55.5,52.9,52.1,51.7,53.4,53.7,53.8,53.3,53.6,52.9,53.7,52.4,53.1,52.5,52.3,51.1,50.5,47.8,46.1,45.2,45.8,45.8,47.4,49.3,50.6,50.8,51.1,51,50.5,50,49.4
Georgia,24.1,24.4,24.6,24.5,23.6,21,20.7,20.5,23.9,22.3,21.8,18.1,20.2,15.9,17,16.9,15.6,14.8,13.8,16.8,18.3,18.4,17.2,19.7,19.2,19.5,19.6,19.5,19.3,19,18.6,18.2
Ghana,51.4,51.2,50.2,49.1,48,47.1,46.2,45.3,42.8,45.4,46.1,46.8,47.5,48.2,48.9,49.6,49,48.3,47.7,47.1,47.9,48.7,50.1,49.9,49.6,49.3,49.2,49.1,49,48.9,48.7,48.5
Guinea,49.6,49.8,50,50,49.8,50.1,50.2,50.2,50.1,49.9,50,50,49.9,49.8,49.6,49.5,49.4,49.2,49,48.7,48.5,48.3,48,47.7,47.4,47.1,47,46.9,46.7,46.6,46.5,46.4
Gambia,30.4,30.5,30.4,30.3,30.2,30.3,30.4,30.4,30.5,30.6,30.7,30.9,30.8,30.9,31,31,31,31,31,31,31.1,31,30.9,30.7,30.4,30.2,30.2,30.2,30.3,30.3,30.3,30.4
Guinea-Bissau,49,49,49,48.8,48.4,48.4,48.3,48.2,47.7,47.6,47.2,46.8,46.4,45.9,45.4,45.1,44.7,44.4,44,43.7,43.6,43.6,43.3,43.2,42.9,42.8,42.5,42.2,41.9,41.7,41.4,41.1
Equatorial Guinea,29.4,28.9,28.8,28.3,27.7,26.9,26.3,26.1,25.8,25.5,25.5,25.8,26,26.2,26.5,26.3,26,25.8,25.8,25.8,25.3,24.9,24.8,24.6,24.6,24,23.4,22.9,22.6,22.4,22,21.7
Greece,23.5,22.7,21.4,21,21,20.4,19.8,22.5,22.6,22.6,21.5,21.8,20.7,22.3,20.1,19.6,19.8,19.7,18.9,16.2,13,10.1,9.51,10.8,11.3,11.5,12,12.1,12.9,13.1,13.2,13.1
Guatemala,31.1,31.4,31.6,31.9,32.4,32.4,32.7,33.1,33.3,33.8,33.9,32,31.6,31.9,35.6,39.5,37.5,35.9,34.5,33.9,30.9,37.7,30.8,30.2,28.1,31.2,31.3,31.3,31.3,31.3,31.3,31.4
Guam,48.4,48.2,46.3,42.9,42,41.4,39.2,41,32.7,30.4,33,37.7,38.7,39.5,39.2,39.1,35.9,35.9,36.5,37.2,29.3,34.2,33.2,37.9,38.5,40.2,39.8,39.1,38.5,38.1,37.8,37.6
Guyana,22.7,23.3,23.8,23.7,22.9,23.3,22.9,21.5,22.3,21.5,21.9,21.5,20.7,20.9,20.1,21.6,22.5,21.8,22.1,22.4,23.3,24.2,25.3,25.9,26.3,26.6,26.8,26.8,26.9,28.2,28.9,29
"Hong Kong, China",53.8,52.7,49.9,49,47.1,47,45.9,44,41.8,42.2,41.3,40.6,40.2,41.2,40.9,40.4,41.5,39.9,36.1,32.6,34.1,35.4,36.8,37.1,37.5,38.3,38.6,38.7,38.4,37.7,36.6,35.3
Honduras,34.9,36.9,37.3,36.7,36.6,35.9,37,36.3,36.1,33.9,31.8,29.3,26.4,23.6,23.3,27.1,27.7,27.5,27.2,27.5,25.5,24.7,27.4,29,35.5,35.6,35.6,35.5,35.4,35.2,35,34.9
Croatia,24.7,25.7,26.9,26.7,27.9,30,30,27.9,25.5,24.3,22.9,21.7,21,21.8,21.6,22.6,22.4,21.6,22.1,20.8,17.5,14.9,12.4,15.3,15.6,22,23,24.5,24.6,24.1,23.4,22.4
Haiti,31.5,30.3,29.4,28.5,28.6,27.4,26.4,25.6,24.9,23,22,21.3,20.6,19.3,19,17.9,17.1,17.1,18,17.1,19,18.6,18.8,18.6,18.3,18.1,18,18,18,18,17.9,17.9
Hungary,33.5,33.8,30.4,29.7,27.6,24.4,24.9,29.4,30.6,28.5,27,26.2,23.8,20.4,19.2,18.3,17.3,16.5,15.6,15.9,15.7,16.8,17,20.5,23.3,24.9,24.6,24.2,23.6,22.9,22.4,21.9
Indonesia,36.3,37.1,36.7,36.3,35.9,35.4,35.4,35.1,34.9,35.1,35.1,34.1,34.5,33.2,31.5,31.7,32.1,33.4,33,33.5,33.2,34,33.7,32.4,31.1,32.5,32.2,31.6,31.1,30.7,30.4,30.1
India,27.4,27.3,27.2,27.3,26.7,26.2,25.6,25.1,24.6,24,24.2,24.4,24.7,24.9,25.1,23.3,21.6,20,18.5,17.2,16.3,15.5,15.3,15,14.6,14.2,13.9,13.7,13.5,13.3,13,12.8
Ireland,35.5,33.2,33.2,34.2,35,34.4,36.6,40.8,43.6,43.8,42.5,41.7,42.4,41.5,46,46.5,47.8,44.9,38.8,33.8,31.8,30.8,30.5,29.5,29.5,33.4,34,33.9,33.4,33.1,32.9,32.7
Iran,7.74,7.76,7.87,7.95,8.07,8.19,8.17,8.22,8.22,8.33,8.23,8.97,10.5,11.6,11.5,11.1,10.3,8.45,8.83,7.68,6.75,6.17,5.53,4.97,5.73,6.46,5.72,5.49,5.25,5.01,4.79,4.59
Iraq,4.01,4.15,4.16,4.02,3.96,4.11,4.05,4.41,4.72,4.97,5.35,5.75,6.42,6.9,7.83,9.14,10.6,12.1,11.7,11.5,11.2,10.9,10.7,10.6,10.6,10.6,10.8,11.1,11.4,11.7,11.9,12.2
Iceland,55.3,53.9,54.1,53.1,60.9,57.3,61.4,68,70.8,77.4,75.9,67.7,64.3,70.2,73.5,74.4,74.9,73.8,66.6,65.5,66.5,68.4,75.2,73.2,76.4,78.3,77.7,77.6,77.5,77.5,77.4,77.4
Israel,34.9,36.4,39.5,44.1,45.4,46,44.1,41.6,43,45,44,40.1,40.4,41.5,43.9,43.6,43.7,44.4,44.7,44.2,42.8,42.5,43.1,43.2,43.5,44.3,44.7,44.9,44.7,44.6,44.3,44.1
Italy,27.7,25.4,23.8,22.1,20.8,20.4,19.9,20.1,20.4,21.6,22,21,20.5,22.5,20.6,19.9,19.5,19.4,17,16.3,15.3,14.8,13.4,12.6,12.3,13.6,14,14.3,14.2,14,13.8,13.6
Jamaica,19.2,19.3,18.8,19.7,18.6,18.3,17.4,15.5,16.9,16.7,17.2,17.8,21.9,19.5,21.3,22.6,23,20.8,20.6,19.5,19.2,21.4,17.1,17.1,17.6,18.2,19,19.2,19.4,19.6,19.7,19.7
Jordan,2.52,2.27,2.47,2.91,4.02,4.26,4.21,4.18,4.14,4.02,4.1,3.8,4.12,4.08,4.27,5.1,6.01,5.4,5.86,5.59,5.07,4.8,3.75,4,3.82,3.42,3.26,3.17,3.1,3.04,2.99,2.94
Japan,43.5,44.3,44.3,44.7,44.6,44.7,44.6,44.2,42.6,42.6,42.2,40.8,40.5,40.5,41.4,41.7,41.3,41.5,40.9,40.4,40.1,39.4,41,41.2,40.8,42.6,42.5,42.8,42.8,42.6,42.4,42
Kazakhstan,49.3,50.2,51.9,49.8,48.6,47,46.7,46.6,45.8,44.7,43.8,39,39.6,38.9,40.6,40.6,40.3,39.7,39.6,39.8,39.2,38.3,37.6,39.3,41.3,41.1,40,38.4,36.7,34.8,33,31.3
Kenya,43.1,42.5,41.9,41.2,40.6,40.1,39.8,39.4,39.1,37,34.8,32.6,30.4,28.1,26,25.7,25.5,25.5,24.2,23.9,23.7,23.3,22.8,22.4,22,21.6,21.5,21.4,21.3,21.1,21,20.8
Kyrgyz Republic,35.3,36,36.4,36.6,36.3,34.7,34.8,34.4,34.4,34.4,34.1,32.1,31.4,29.8,30.3,30.1,30.3,30.4,30.2,28.5,29.3,26.9,30.1,28.4,26.8,24,23.8,23.5,23.3,22.9,22.4,21.9
Cambodia,73.8,73.9,74.2,73.9,73.5,72.9,70.3,65.3,69.5,68,76,75.7,75.2,73.8,74.7,75.5,76.6,77.2,77.5,77.5,76.7,76.1,75.4,75,74.4,73.6,73.6,73.5,73.4,73.3,73.2,73.1
South Korea,39.9,39.1,38.7,39,39.6,39.3,38.2,32.6,32.6,34.1,34.9,35.9,35.5,36.3,36,33.3,31.3,28.7,26.8,26.9,27,27.8,27.6,29.6,30.9,31.2,31.5,31.4,31.4,31.1,30.7,30.1
Kuwait,18.4,18.7,19,19.5,19.2,20.2,19.8,19.8,20,20.2,21.1,21.5,22.4,21.9,23.8,22.8,22.7,22.1,22.9,23.6,20.3,17.8,17,16.8,15.7,15.6,16.6,17.6,18.1,18.3,18.4,18.3
Lao,78.3,78.1,77.9,77.4,77.1,76.5,76,75.5,74.8,74.1,73.5,72.7,72,71.2,70.1,69.4,68.7,67.9,67.2,66.4,65.9,65.4,64.8,64.2,63.6,62.9,62.7,62.4,62.1,61.8,61.5,61.1
Lebanon,14.6,14.3,14.3,14.2,14.1,13.9,14,13.9,13.9,14,14,14.1,14.2,14.4,14.3,14.1,13.9,13.7,13.5,13.5,13.5,13.6,13.8,13.9,13.9,14,14,14,14,14,14,14.1
Liberia,31.9,31.6,31.1,30.8,30.7,30.5,30.2,30.1,30,29.7,29.9,30,30,30,30,30.1,30.2,30.2,30.2,29.9,29.8,29.5,29.2,28.8,28.4,28.1,28.1,28.1,28.1,28.1,28.1,28.2
Libya,5.98,6.12,6.26,6.11,6.85,6.21,6.5,6.6,6.66,6.62,7.01,7.05,6.43,7.07,6.81,7.28,7.44,7.78,8.22,7.93,9.21,7.69,7.36,7.06,7.03,6.73,6.21,6.68,6.98,6.78,6.67,6.58
St. Lucia,30,30.8,30.2,30.3,30.7,30.3,25.9,24.4,27.4,28.7,32.6,25.6,23,26.3,28.6,31.2,32.3,32.7,28.6,22.1,23.8,23.7,20.8,20.5,19.2,21.2,21.6,22.1,22.5,22.6,22.6,22.5
Sri Lanka,19.2,18,20.4,21.1,18.4,19.2,19.5,27.5,22.9,21.3,20.8,19.4,19.7,19,18.7,21.2,21.1,21.5,20.5,19.4,17.9,17.8,17.4,16.3,15.8,14,14.2,13.9,13.7,13.5,13.4,13.3
Lesotho,25,26.6,23.2,23.7,21,23.9,21.8,19.3,33.2,35.1,30.9,26.7,28,23.5,23,23.1,22.2,21.2,21.2,24.3,22.7,24.1,22.7,22.4,21.2,20.7,20.7,20.2,20.1,19.8,19.6,19.4
Lithuania,27.6,28,28.1,27.8,27.3,27.4,26.6,28.1,29.6,23.8,21,21.9,19.6,16.3,17.5,21.1,20,21.7,20.1,17.5,17.2,20.2,21.3,23.9,25.7,28.2,28.4,28,27.4,27,26.4,25.8
Luxembourg,48.5,48,43.2,41.2,36.7,35.1,31.9,31,29.2,28.2,29.9,28.3,25.8,20.7,21.3,21.4,18.9,21.3,24.6,20.4,18.6,20.3,19.8,19.5,28.7,25.4,26.6,26.2,25.9,25.5,25,24.5
Latvia,24.6,25.2,25.9,24,24.8,24.6,28.3,29.2,27.7,24.9,23.7,25.5,24.1,21.3,26.2,28.9,32.6,32.2,25.7,24.6,23.5,25.6,27,28.4,32.5,33,30.8,29,27.2,25.7,24.8,24.3
"Macao, China",43.9,43.4,49.2,50.5,46.5,52.5,48.7,46.1,44.4,43.6,44.1,38.4,33.5,34.3,37.6,38.5,43.8,45.3,48.1,49,47.7,44,46.4,44.7,44.5,42.4,42.9,43.1,43.1,42.7,41.6,40.2
Morocco,18.1,18.4,18.2,16.6,15.3,16.6,16.9,14.6,18.3,18,17.9,17.6,17.6,17.7,17.5,17.3,17.2,16.4,16.3,16.1,15.6,14.3,14.4,14.4,13.8,14.3,14.1,13.9,13.6,13.4,13.2,13.1
Moldova,16.6,17.1,17.2,18.4,18.2,16.4,16.6,16.4,16.5,19,19.3,19.6,18.7,18.6,18,17.8,17.9,17.8,16.9,16.9,17.5,15.9,15.8,15,15.7,15.4,15,14.6,14.2,13.8,13.3,12.7
Madagascar,67.2,67.1,67,66.9,66.8,66.9,66.9,66.9,66.9,66.9,67.5,67.9,68.3,69.5,70.7,71.4,72.1,72.8,73.5,74.1,75.2,76.3,74.8,73.3,71.3,70.9,71.3,71.7,72.1,72.3,72.6,72.9
Maldives,18.4,19.2,20,20.8,21.6,22.9,24.2,25.6,27,28.6,30.8,33.2,35.9,38.3,40.7,43.6,42.8,42.2,41.3,40.9,40.3,39.4,38.8,37.9,34.5,31.5,32,32.3,32.6,32.8,33.1,33.3
Mexico,32.7,33.4,34,33.2,31.9,31.9,33.1,34.4,34.6,34.3,32.8,31.6,30,30,31.9,32.5,32.6,31.6,30.1,30.2,29.9,30.5,29.7,28.7,28.5,28.6,28.9,29,29.1,29,29,28.9
North Macedonia,12.2,12.5,12.9,12.6,12.5,12.8,12.1,12.5,14.1,12.7,13.6,11.9,9.97,8.58,8.92,11.4,11.5,12,10.6,11.2,10.8,12.6,13.3,11.4,14.2,11.8,11.6,11.4,11.2,11.2,11.2,11.2
Mali,29.1,29.2,29.2,29.2,29.1,29.2,29.2,28.7,28.2,27.8,27.4,27.1,26.7,26.3,27.9,29.5,30.7,33.5,36.5,40.3,42.7,43.9,45.1,49.2,42.5,42.4,42.7,43,43.3,43.7,44.1,44.5
Malta,54.8,53.2,53.2,52.2,54.2,53.6,53.5,53.7,53.4,53.2,52,50.4,45.4,41.9,42.9,42.1,45,45.7,42.9,42.9,42,40.5,44,46.6,45.3,43.9,43.9,43.6,43.3,42.9,42.4,41.9
Myanmar,75.5,74.9,74.5,74,73.6,73.1,72.8,72.4,71.5,70.4,69.4,68.4,67.1,65.7,64.2,62.7,61.2,59.8,58.3,56.9,56.2,55.2,54,52.8,51.8,50.9,50.6,50.3,50.1,49.9,49.7,49.6
Montenegro,9.75,10.5,10.7,7.55,7.81,7.01,8.49,8.06,9.45,7.24,8.44,8.39,8.36,8.12,8.06,11.5,14.4,15,14.4,12.5,14.5,14.7,13.9,15.3,15.1,14.8,15.1,14.7,14.3,13.9,13.6,13.2
Mongolia,30.1,31.5,32.8,32.4,34.5,33.3,32.1,33.1,33.6,33.6,33.1,31.4,29.7,30.7,30.3,29.8,26.6,28.5,26.5,24.4,25.9,26.1,24,23.9,22.8,19,19,18.8,18.7,18.4,17.9,17.4
Mozambique,48.7,51.5,50.7,50.6,50.5,50,50.3,49.7,49.3,48.9,47.8,47.3,46.8,46.8,46.8,46.8,46.9,46.9,46.9,46.9,46.8,46.8,45.9,43.2,43.1,43.1,43.3,43.5,43.6,43.8,44,44.2
Mauritania,25,24.9,24.8,24.7,24.5,24.3,24,23.8,23.5,23.2,22.7,22.2,21.6,21.1,20.6,20.2,19.7,19.3,18.9,18.4,18,17.5,17.4,17.2,17,16.9,16.7,16.5,16.3,16.1,16,15.8
Mauritius,27.7,27.5,27.4,27.2,26.9,26.9,27,27.3,27.8,28.3,28.7,27.4,26.6,24.2,23.1,25.2,24.6,25.1,23.5,24.5,24.3,23.4,24.2,25.4,25.7,26.2,25.8,25.7,25.7,25.9,26.3,26.9
Malawi,49.2,49.4,49.3,49.4,49.5,49.8,50.1,50.5,50.8,51.1,51.4,51.5,51.7,52,52.4,53,53.7,54.5,55.2,56,56.6,57.3,58,57.3,56.8,56.1,56.3,56.5,56.7,56.8,57,57.2
Malaysia,37.3,36.5,36.6,35.7,34.6,34.4,33.8,34.2,33.4,33.1,32.7,32.4,31.8,31.3,30.9,30.8,30.1,29.9,29,28.4,29.5,29.3,30,30.9,30.1,31,30.8,30.6,30.3,29.9,29.6,29.1
Namibia,21,20.7,20.4,19.8,18.7,17.8,16.3,16,15.8,14.9,15,14.9,14.9,14.3,14.1,14,13.9,13.7,13.7,14.2,15.2,17.8,16.3,17.5,16.7,14.2,14.2,14.1,14.1,14.1,14.1,14.1
New Caledonia,23.9,24.5,25.4,25.6,25.7,25.8,25.9,25.8,26,25.9,26.2,26.3,26.7,24.9,25.2,25.3,25.3,25.6,26,25.8,25.7,25.9,26,26.4,26.4,26.3,26.1,25.7,25.5,25.4,25.2,25.1
Niger,49.7,49.7,49.5,49.2,49,49.9,50.8,51.7,52.7,53.7,55.1,55.3,55.3,55.4,55.3,56.3,57.9,58.2,58.4,58.6,58.8,58.9,59,59,59,59,59.2,59.4,59.6,59.8,60,60.2
Nigeria,32.6,32.4,32,31.7,31.3,31.2,31,30.8,30.6,30.3,30.4,30.4,30.4,30.4,28.9,27.4,26,24.7,23.4,22.1,21,19.9,18.8,19.1,19.1,17.9,17.5,17.2,16.9,16.6,16.3,16
Nicaragua,26.4,21.4,19.6,17.8,15.8,17.4,18.6,18.6,20.7,22.3,24.5,21.6,25.3,25.7,27.5,28.4,28.5,27.4,26.1,26.4,27.3,28.4,28.3,27.8,27.6,27.3,27.5,27.6,27.7,27.8,27.8,27.9
Netherlands,52.7,55.5,53.3,53.7,53.6,53.9,55.6,59.1,62.5,66.7,69,69,68.1,65.8,64.9,65.1,67.9,68.8,68.5,63.5,62.6,62.4,60.9,58.8,61.6,62.1,63,64.3,64.7,64.6,64.5,64.5
Norway,47.8,46,44.6,45.5,45,50.6,52.4,56.1,55.5,56.5,56.8,57.8,55.5,56.4,53,53.2,56.5,58.3,54.4,52.5,52,53.7,53.7,52.1,51.8,50.1,50,50.1,49.9,49.5,49.1,48.6
Nepal,75.2,75.5,75.8,76.3,76.6,76.4,76.9,77.4,78.5,78,77.5,76.9,76.4,75.8,75.2,74.6,74,73.4,73.1,72.9,73.2,73.6,73.9,74.5,74.5,74.9,75.1,74.9,74.7,74.5,74.3,74.1
New Zealand,52.5,50.9,50.6,52.8,55.2,56.1,55.3,53.5,51.5,52.1,52.6,53.3,53.1,52.4,53.1,55.1,55.8,53.8,48.9,47.9,47.8,47,47.6,49.4,51,51.9,52,51.6,51.1,50.9,50.6,50.3
Oman,19.6,19,18.3,17.4,16.8,17.3,17.9,18.5,19.1,19.5,19.4,19.3,19.3,19.2,19.1,19.2,19.2,19.1,18.7,18.4,18.3,18.3,18.1,17.8,17.4,16.8,16.7,16.4,16.2,15.9,15.8,15.7
Pakistan,10.5,11.4,11.5,11.7,8.62,9.8,11.1,11.6,9.41,7.29,9.05,11.7,12.4,13.6,14.9,16.8,16.8,17.1,18.4,19,18.9,18.7,18.5,19.3,18.7,19.6,19.7,19.8,20,20.1,20.2,20.4
Panama,17.2,17.8,19.9,19.8,19.6,19.8,21.4,19.3,22.7,21.2,19.5,18.8,19.9,19.9,23.9,23.2,25.1,27.1,27.5,26.4,25.1,27.5,30.7,28.5,27.9,28.5,28.2,27.9,27.6,27.3,27,26.7
Peru,33.7,34.6,36.1,37.6,40.2,40.9,42.3,44.1,47.7,41.7,45,47.1,49.4,50.2,52.3,54.2,56.3,57,57.9,59.4,57.3,56.9,57.3,54.5,52.1,50.9,51.7,52.3,52.8,53.4,54,54.6
Philippines,31.6,31.8,31.8,31.5,31.2,30.8,30.5,30.9,30.8,30.5,30.4,30.3,30.2,29.5,30.3,30,30.1,29,29.4,29.4,30.2,30,29.4,30.1,29.6,29.3,29.5,30.1,30.2,30.2,30.2,30.2
Papua New Guinea,58.8,57.5,55.6,55.2,56.1,55.4,56.4,57.2,57.4,58.1,58.6,59.1,59.2,59.3,58.9,59.1,58.5,58.1,57.6,56.9,55.1,54.3,53.8,52.8,52.2,52.1,52,51.8,51.7,51.5,51.4,51.2
Poland,28.9,28.1,25.8,23.9,22.5,22.5,21.8,22.6,19.4,20.6,21.7,19.8,18.5,18.4,19.7,21.2,22.5,23.8,23.3,22.2,20,19.9,19.7,21.6,21.6,24,24.5,24.5,24,23.5,22.9,22.2
Puerto Rico,13,13.6,18.2,18.6,18.5,18.2,20.6,20.1,22.7,22.7,21.1,19.6,19.1,19.3,18.4,17.8,18,17.1,14.9,13.7,13.5,13.8,13.6,13.5,13.9,13.5,13.7,13.8,13.7,13.5,13.4,13.2
North Korea,68,67.9,68.9,69.5,68.7,71.3,70.8,70.5,70.8,69.9,70,69.6,69.7,69.8,69.8,69.2,68.9,69.1,69,69,68.9,68.9,68.9,68.8,68.4,68,67.9,67.9,67.9,67.9,67.9,67.8
Portugal,45.8,41.4,37.6,35.6,32.6,30.8,32.8,38.3,37,35,36.4,36.7,34.4,31.9,30.9,30.9,30.5,30.8,29.5,26.1,24.4,21,20.2,21.7,21.6,22.6,23.6,25,25.7,25.8,25.9,25.9
Paraguay,47.6,48.8,48.3,49,48.1,42.1,43.5,43,37.4,39.4,38.7,36.7,38.5,37.9,39.3,38.3,37.4,40.8,41.6,38,39.4,41.3,42.2,37.1,36.4,38.5,39.8,39.6,39.3,39.3,39.1,38.9
Palestine,4.32,4.31,4.3,4.28,4.3,3.96,3.88,4.45,4.67,4.74,4.27,3.77,4.15,4.21,4.2,4.49,5.16,5.13,5,4.15,4.45,3.53,3.07,3.79,4.59,3.84,3.54,3.83,4.02,4.18,4.32,4.43
French Polynesia,21.5,21.7,21.9,21.5,21.2,21.1,20.9,20.6,20.1,19.7,20,19.6,19.4,19.2,19,18.9,19,18.4,17.6,16.3,15.3,14.4,14.3,14.2,14,14,14.1,14.2,14.3,14.4,14.5,14.6
Qatar,21.3,21.4,20,19.2,18.3,18.2,18.6,18.5,18.5,18.8,19.6,21.7,23.4,24.5,24.2,26.1,30.2,31.3,30.6,30.4,29.8,31.9,34.9,37.9,40.3,39.7,38.8,37.7,36.7,35.9,35.4,35.4
Romania,35.2,36.4,36,34.4,35.7,33,34.4,33.1,32.4,31.8,30.2,25.6,23.4,25.6,21.6,20.7,20.2,20,20.2,20.1,19.9,19.8,18.8,18.2,19.6,17.2,17.6,17.6,17.2,17.2,17.1,17
Russia,39.3,43.5,41.6,38.6,36.2,34.3,30.3,26.8,28.9,30.8,29.7,30.5,29.5,29.3,30.2,30,31.2,32.2,31.4,30.6,31.1,29.7,30.1,29,27.7,27.1,26.1,25,24,23.3,22.7,22.5
Rwanda,85.5,84.5,82.9,81,79.4,79,79,79.4,79.9,80,79.6,79,78,77.1,76.5,76.1,75.9,75.9,75.8,75.5,75.1,74.5,75.2,75.7,75.2,74.6,74.4,74.3,74.2,74,73.8,73.6
Saudi Arabia,6.02,5.87,5.83,5.81,5.8,5.94,6.09,6.29,6.44,5.28,4.95,4.45,5.08,5.02,5.01,4.29,3.83,3.4,2.87,3.35,3.85,3.78,4.17,3.84,3.62,4.54,4.52,4.49,4.42,4.34,4.29,4.26
Sudan,12.5,12.7,13.5,14,14.6,15.3,14.8,14.4,13.8,13.5,13.1,12.6,12.2,11.7,11.3,10.9,10.5,10.1,9.62,9.68,9.4,9.25,9.22,9.09,8.93,8.8,8.65,8.51,8.36,8.21,8.06,7.91
Senegal,26,25.8,25.6,25.4,25,24.9,24.6,24.3,23.9,23.6,23.4,23.2,22.4,21.7,20.9,20.4,21.3,22.2,23.2,24.2,25.3,26.3,27.3,28.3,29.4,29.2,29.4,29.5,29.7,30,30.3,30.5
Singapore,48.8,46.2,45,44.2,43.9,41.9,43.1,40.9,38.3,38.3,37.3,31.2,32.6,32.6,32.6,33.8,34,34.5,31.2,35,32.5,33.4,32.4,34.9,38.7,38.6,38.2,38.2,38,37.5,36.9,36.4
Solomon Islands,53.2,52.1,52.2,51.6,51,51.4,52.1,52.3,52.8,55.3,56.7,57.3,56.7,56.4,56,55.5,54.8,54.2,55.2,54.5,53,52.7,52.6,52.7,52.4,52.3,52.2,52.1,52,51.8,51.7,51.6
Sierra Leone,44.7,44.8,44.8,44.6,44.5,44.5,44.4,44.2,44.1,44.1,44.2,44.2,44.3,47.3,45.7,44.1,42.5,40.9,39.4,37.9,36.4,34.9,33.5,32.2,31.9,31.6,31.4,31.3,31.1,30.9,30.7,30.5
El Salvador,27.7,27.5,29.2,29.6,27.9,25.6,26,30.3,29.7,29.5,27.4,28.3,30.3,28.6,28.1,29.6,28.4,28.5,27.6,27.2,28.5,29,29.1,29.2,28.6,28.4,28.5,28.7,28.8,28.8,28.8,28.7
Somalia,13.1,13,12.9,12.9,12.7,12.4,12.1,11.9,11.6,11.5,11.2,11.1,11,11,10.9,10.9,10.9,10.9,11,11.1,11.1,11.3,11.4,11.6,11.7,11.8,11.9,11.9,12,12,12,12
Serbia,27.7,28.6,28.6,26,24.9,24.8,23.5,23.4,24.9,24.9,24.1,22.4,20.6,17,14.9,13.3,14.7,15.8,13.8,11.8,9.18,9.35,9.82,10.7,11.4,13.9,13.9,14,14,14,13.9,13.9
South Sudan,56,56.4,56.1,56.1,55.6,55.8,55.8,56.3,56.4,56.4,56.3,56,56.1,55.5,55.2,55.1,54.9,54.8,54.6,54.2,54.9,55.4,51.7,52.8,52.8,52.9,52.6,52.4,52.1,51.8,51.5,51.6
Sao Tome and Principe,19.7,19.1,18.3,17.8,17.6,17.5,17.8,18.2,18.5,18.5,15.1,14.6,14,14.3,13.6,13.7,14.2,14.6,15,15.3,15.5,15.6,15.4,15.1,14.9,14.6,14.5,14.4,14.3,14.3,14.3,14.3
Suriname,7.73,9.46,9.49,12.2,13.5,11.5,9.65,7.99,5.93,6.3,7.32,7.59,8.44,8.99,9,9.36,9.53,9.63,9.69,10.9,11.5,12,13,11.4,12.9,11.5,11.7,11.7,11.7,11.7,11.8,11.8
Slovak Republic,45.3,42.1,38.9,30.9,31.2,33.1,32.7,31.9,29.1,27.9,27,25,25.7,24.9,23.1,22.5,24.1,21.4,18.6,17.4,15,15.9,16.2,16.4,18,18.3,19.4,19.4,19.1,18.6,18.1,17.7
Slovenia,37.4,36.3,33.6,33.5,33.7,34.2,33.1,33.2,30.3,27.6,26,27.2,23.2,29.1,30,31,32,33.5,31.2,30.4,27,24.2,23.2,23.9,26.7,25.7,25.9,25.8,25.5,25.2,24.8,24.3
Sweden,59.8,52.9,42.9,41.4,42.6,41.8,40.9,43.5,45.4,46.7,44.9,42.1,41.9,37.4,42.6,40.8,42.8,42.5,39.1,39.3,41,41.5,43.2,44.6,46.4,46.8,46.7,46.7,46.3,45.6,45,44.8
Eswatini,26.1,26.1,25.9,25.6,25.2,24.6,23.6,23.1,22.6,22,21.7,21.3,21,20.7,20.5,20.2,16.1,15.9,15.7,15.6,15.5,15.3,15.1,15,14.9,14.7,14.3,14,13.7,13.4,13,12.7
Syria,20.8,21.8,23,20.6,19.5,17,14.8,12.9,13.5,12.7,10.9,10.4,12.8,10.5,8.88,7.34,6.1,6.26,5.3,5.15,1.71,1.65,1.61,1.68,1.61,1.63,1.61,1.64,1.63,1.63,1.52,1.4
Chad,50.2,50.6,50.9,50.9,51.2,51.5,51.7,51.8,52,52.1,52.2,52.4,52.4,52.3,52.3,52.4,52.3,52.2,51.9,51.5,51.5,51.1,50.9,50.5,50.1,49.8,49.7,49.6,49.5,49.4,49.4,49.3
Togo,72.6,72.5,72.2,71.8,71.5,70.9,70.3,69.7,69.1,68.5,68.3,68,67.7,67.5,67.3,67.4,66.6,65.7,64.8,63.9,62.9,62.8,62.6,62.4,62.1,61.7,61.5,61.2,61,60.8,60.6,60.4
Thailand,59.2,59.8,58.1,57.4,56.5,55.5,54.4,48.1,45,45.5,43.8,43.3,42.3,43.1,43.5,38.4,40.3,38.7,38.1,38.1,37.6,37,34.1,33.8,32.6,31.5,31.2,30.7,30.3,30.6,30.7,30.7
Tajikistan,30.3,30.6,30.4,30.4,30.2,27.2,27.4,27.4,27.2,27.4,27.5,27.4,27.4,27.5,27.5,27.7,27.9,28.2,28.2,28.4,28.6,28.6,28.6,28.5,28.4,28.3,28.3,28.3,28.2,28.1,27.8,27.4
Turkmenistan,33,33.1,33.1,33.1,33.1,32,32,32.3,32.5,32.5,32.4,32.3,32.2,32.1,32.1,32.1,32.3,32.5,32.5,32.8,33.2,33.5,33.8,34,34,33.9,33.6,33.2,32.8,32.5,32.3,32.3
Timor-Leste,36.2,35.9,35.6,35,34.2,33.4,32.6,32.8,32.2,29.2,27.5,25,22.2,19.6,17.2,15.3,12.7,11.1,9.7,8.53,8.2,7.96,7.87,7.7,7.68,7.71,7.74,7.77,7.76,7.66,7.47,7.2
Tonga,28.6,28.5,28.1,27.2,25.8,25.3,24.8,24.1,23.5,23,22.6,22.3,22.2,23.6,24.6,26.6,26.6,25.7,25,24.4,24.2,24.4,25.1,25.2,25,24.8,24.8,24.6,24.5,24.4,24.3,24.3
Trinidad and Tobago,22.6,22.2,22.9,24.6,26.1,27.3,27.7,27.6,28.2,29.7,30.6,31.1,32,35.5,36.5,39.5,39.2,38.5,35.6,34.1,35.5,34.9,36.3,34.3,33.7,31,29.9,29.1,28.5,27.9,27.5,27.1
Tunisia,21.7,21.5,21,20.7,20.1,19.7,19.2,19.5,18.9,18.4,18,17.4,17,15.3,16.1,16,16.1,15.8,13.4,13.6,11.3,13.2,14.2,14.3,13.7,13.2,13.1,13,12.9,12.8,12.6,12.5
Turkey,35.6,32.6,26.3,31,29.7,30.3,27.3,27.6,28.4,24.6,24.1,23.8,21.5,19.7,19.4,19.3,19.4,19.8,19.5,20.4,21.4,20.9,21.7,22.2,23.2,23.4,22.7,23,22.9,23.1,23.3,23.4
Taiwan,42.7,40.6,38.8,38.7,37.3,36.3,35.8,35.5,35.9,35.5,34.5,34.4,33.5,33.2,32.4,32,31.7,30,28,27.8,27.6,28.1,27.7,26.7,27.3,27.1,27.3,27.5,27.4,27.6,27.7,27.8
Tanzania,62.8,62.6,62.3,61.9,61.5,61.3,61.1,60.8,60.4,60.2,59.7,61.6,61.4,61.1,60.8,60.7,61.1,61.9,63.4,62.7,61.9,63.1,64.4,67.1,67,66.7,66.7,66.6,66.6,66.6,66.7,66.8
Uganda,53,52.7,52.4,52.1,51.8,51.5,51.2,50.9,50.6,50.4,50,49.8,50,50.5,51,50.4,49.9,49.3,48.7,48.8,48.9,49.1,50.2,49.8,49.4,48.9,48.8,48.6,48.5,48.4,48.4,48.3
Ukraine,30.8,32,33.9,36.3,37.1,35,33.1,30.4,29.3,28.7,28.5,29.6,29.8,32.3,31,31,31.4,31.5,31,29.4,30.7,29.4,28.4,25.2,24.7,24.6,24.2,24,23.6,23.1,22.5,21.7
Uruguay,32.4,33.6,34.1,34.9,36,32.7,33.2,35.7,33.5,31,29.2,25.6,24.3,27.5,27.8,28.4,30.7,33.3,34,34.5,36.1,34.8,34.9,35.1,33,31.7,31,30.9,30.8,30.7,30.6,30.4
United States,51.4,50.9,51.5,52.8,52.8,53.1,53.6,54.8,54.5,54.7,53.1,51.1,49.3,49,49.5,49.3,48.7,47.1,43.8,41.7,41.5,42.1,42.8,43.8,44.9,45.8,46.1,46,45.6,45.3,44.9,44.6
Uzbekistan,30.7,30.9,30.9,30.9,30.8,29.3,29.3,29.2,29.2,29.1,29.1,29.1,29.1,29.2,29.3,29.4,29.6,29.7,29.8,30,30.1,30.3,30.5,30.7,30.8,31.1,31.2,31.3,31.3,31.2,31,30.7
St. Vincent and the Grenadines,23.8,24.5,24.1,23.1,24.4,23.5,23.9,24,23.5,23.3,21.7,23,23.7,23.8,24,25.2,25.3,24.7,24.5,24.4,24.4,24.5,24.6,24,23.9,23.4,23.4,23.5,23.5,23.5,23.5,23.4
Venezuela,24.2,26.1,27.1,24.6,22.8,21.6,22.3,22.6,20.6,21.8,21.6,18.4,17.2,20.3,22.9,25.7,26.3,26.5,24.9,23.2,23.7,22.2,22.6,23.4,23.3,22.4,21.9,21.3,20.9,20.6,20.4,20.1
Virgin Islands (U.S.),33.4,32.7,32.9,30.4,30.3,29.9,28.4,28.4,26.5,26.8,25.7,27.1,25,24.9,24.1,23.3,22.1,20.3,18.1,17.3,15.8,14.7,14.1,13.6,12.8,12.2,12.1,12,11.8,11.6,11.4,11.1
Vietnam,68.2,67.5,66.9,66.2,65.4,64.6,62,62.5,62,61.4,59.8,60.3,59.4,59.7,58.3,57.1,55.7,55.3,55.7,53.5,54,54,53.3,53.9,53.5,52.2,51.7,50.8,49.8,49,48.3,47.7
Vanuatu,46.3,46.3,46.6,45.6,45.9,45.8,45.2,44.9,45.2,44.6,45.6,46.8,46.5,46.5,46.2,45.3,45.1,44.8,45,45.4,45.4,45.3,45.2,45.1,45.5,45.1,45,45,45,44.9,44.6,44.2
Samoa,19.7,19.9,19.7,19.8,18.9,18.3,18.2,17.8,17.4,16.6,15.8,15.8,15.9,15.8,15.7,16,15,14.4,14.3,13.7,12.9,12.5,12.8,12.9,12.9,12.6,12.6,12.5,12.4,12.3,12.2,12
Yemen,14.6,14.4,14.2,14,14.6,15.2,15.9,16.6,17.3,14.9,12.5,10.4,8.56,6.86,5.33,5.57,5.27,4.98,4.7,2.75,2.83,3.27,3.36,3.28,3.19,3.16,2.94,2.72,2.53,2.34,2.15,1.97
South Africa,17.9,17.6,17.3,17,18.5,15.1,13.5,12.1,11.4,13.2,12.9,11.6,10.9,11.3,12.1,12.7,12.8,14,12.3,10.9,10.9,10.2,10.7,10.3,10.7,9.54,9.57,9.41,9.17,9.16,9.13,9.08
Zambia,41.1,40.5,40.1,41.6,43.1,46.1,48.1,49.9,49.2,52.2,52.6,53.1,53.4,53.7,54,53,52.1,51.9,47.3,42.7,45.5,47,46.7,46.3,46,45.6,45.4,45.2,45,44.8,44.7,44.5
Zimbabwe,50.4,50.1,49.7,49.2,48.1,47.2,45.3,44.3,43.3,47.3,51.3,55.4,59.5,63.3,63.1,62.9,62.6,62.4,62.1,61.9,61.6,61.6,61.7,61.7,61.6,61.4,61.7,61.9,62.1,62.4,62.6,62.8
